d,run,loss,y0,runtime
1, 0, 0.000006, 0.302046, 235
1, 1, 0.000005, 0.301997, 233
1, 2, 0.000008, 0.302073, 235
1, 3, 0.000008, 0.302025, 238
1, 4, 0.000005, 0.302080, 233
1, 5, 0.000007, 0.301992, 230
1, 6, 0.000005, 0.302073, 229
1, 7, 0.000007, 0.302079, 231
1, 8, 0.000005, 0.302056, 226
1, 9, 0.000005, 0.302039, 230
